{
    "editor": {
        "backDropShape": "entity/humanoid/seraph-hairless",
        "allAngles": true,
        "entityTextureMode": true
    },
    "textureWidth": 48,
    "textureHeight": 48,
    "textureSizes": {
        "hair": [
            48,
            48
        ],
        "birch": [
            16,
            16
        ]
    },
    "textures": {
        "hair": "game:entity/humanoid/seraphskinparts/hair/lightgray"
    },
    "elements": [
        {
            "name": "HairOver",
            "stepParentName": "Head",
            "from": [
                -0.44799999999999995,
                -4.327999999999999,
                -0.532
            ],
            "to": [
                7.092,
                5.532,
                5.732
            ],
            "autoUnwrap": false,
            "uv": [
                32.5,
                22.0
            ],
            "rotationOrigin": [
                3.032,
                2.632,
                2.6
            ],
            "faces": {},
            "children": [
                {
                    "name": "hair-uncovered",
                    "from": [
                        0.348,
                        3.8279999999999994,
                        0.23199999999999998
                    ],
                    "to": [
                        0.348,
                        3.8279999999999994,
                        0.23199999999999998
                    ],
                    "uv": [
                        0.0,
                        0.0
                    ],
                    "rotationOrigin": [
                        0.348,
                        3.8279999999999994,
                        0.23199999999999998
                    ],
                    "faces": {},
                    "children": [
                        {
                            "name": "HairBase",
                            "stepParentName": "Head",
                            "from": [
                                -0.23199999999999998,
                                -0.46399999999999997,
                                -0.11599999999999999
                            ],
                            "to": [
                                6.4959999999999996,
                                5.9159999999999995,
                                5.9159999999999995
                            ],
                            "autoUnwrap": false,
                            "uv": [
                                1.5,
                                10.5
                            ],
                            "rotationOrigin": [
                                3.2479999999999998,
                                3.016,
                                2.9
                            ],
                            "faces": {
                                "north": {
                                    "texture": "#hair",
                                    "uv": [
                                        3.5,
                                        27.0,
                                        9.0,
                                        32.5
                                    ]
                                },
                                "east": {
                                    "texture": "#hair",
                                    "uv": [
                                        5.0,
                                        27.0,
                                        10.0,
                                        32.5
                                    ]
                                },
                                "south": {
                                    "texture": "#hair",
                                    "uv": [
                                        6.0,
                                        27.0,
                                        11.5,
                                        32.5
                                    ]
                                },
                                "west": {
                                    "texture": "#hair",
                                    "uv": [
                                        5.0,
                                        27.5,
                                        10.0,
                                        33.0
                                    ]
                                }
                            },
                            "children": [
                                {
                                    "name": "TonsureFront",
                                    "from": [
                                        -0.348,
                                        4.176,
                                        0.0
                                    ],
                                    "to": [
                                        -0.348,
                                        6.4959999999999996,
                                        6.032
                                    ],
                                    "uv": [
                                        18.0,
                                        4.5
                                    ],
                                    "rotationOrigin": [
                                        -0.348,
                                        5.335999999999999,
                                        3.016
                                    ],
                                    "rotationZ": -36.0,
                                    "faces": {
                                        "west": {
                                            "texture": "#hair",
                                            "uv": [
                                                18.0,
                                                4.5,
                                                23.0,
                                                6.5
                                            ]
                                        }
                                    }
                                },
                                {
                                    "name": "TonsureRight",
                                    "from": [
                                        0.0,
                                        3.5959999999999996,
                                        -0.348
                                    ],
                                    "to": [
                                        6.728,
                                        5.9159999999999995,
                                        -0.348
                                    ],
                                    "uv": [
                                        14.5,
                                        4.5
                                    ],
                                    "rotationOrigin": [
                                        3.5959999999999996,
                                        4.755999999999999,
                                        -0.348
                                    ],
                                    "rotationX": 36.0,
                                    "faces": {
                                        "north": {
                                            "texture": "#hair",
                                            "uv": [
                                                14.5,
                                                4.5,
                                                20.0,
                                                6.5
                                            ]
                                        }
                                    }
                                },
                                {
                                    "name": "TonsureLeft",